2017-11-11 09:16:21,34.98,3.00
2017-11-11 09:16:57,34.84,2.98
2017-11-11 09:17:33,34.12,2.96
2017-11-11 09:18:10,33.85,3.12
2017-11-11 09:18:45,33.46,2.99
2017-11-11 09:19:22,32.80,2.96
2017-11-11 09:19:59,32.40,2.99
2017-11-11 09:20:35,40.77,3.00
2017-11-11 09:21:11,41.10,3.00
2017-11-11 09:21:50,40.74,2.98
2017-11-11 09:22:26,39.19,3.00
2017-11-11 09:23:02,39.20,3.01
2017-11-11 09:23:39,38.32,3.00
2017-11-11 09:24:16,37.39,3.02
2017-11-11 09:24:51,41.09,3.06
2017-11-11 09:25:27,40.77,3.01
2017-11-11 09:26:03,40.65,3.03
2017-11-11 09:26:39,35.20,2.97
2017-11-11 09:27:16,34.88,2.98
2017-11-11 09:27:51,33.51,2.97
2017-11-11 09:28:28,34.36,2.97
2017-11-11 09:29:04,34.89,2.98
2017-11-11 09:29:40,35.34,3.02
2017-11-11 09:30:16,34.35,3.09
2017-11-11 09:30:51,36.00,3.06
2017-11-11 09:31:26,37.76,2.95
2017-11-11 09:32:03,32.02,2.99
2017-11-11 09:32:38,33.13,3.19
2017-11-11 09:33:12,32.54,2.98
2017-11-11 09:33:49,33.47,2.96
2017-11-11 09:34:24,36.24,2.96
2017-11-11 09:35:01,35.23,3.13
2017-11-11 09:35:37,33.62,3.10
2017-11-11 09:36:11,32.89,2.98
2017-11-11 09:36:47,34.33,2.99
2017-11-11 09:37:23,35.00,2.95
2017-11-11 09:37:59,34.74,3.00
2017-11-11 09:38:35,34.42,2.97
2017-11-11 09:39:11,34.44,2.96
2017-11-11 09:39:48,34.69,2.98
2017-11-11 09:40:23,34.36,2.97
2017-11-11 09:40:59,33.38,2.97
2017-11-11 09:41:36,30.93,2.97
2017-11-11 09:42:12,34.16,3.28
2017-11-11 09:42:46,34.65,2.96
2017-11-11 09:43:23,30.16,2.92
2017-11-11 09:43:59,34.20,2.95
2017-11-11 09:44:36,33.47,2.97
2017-11-11 09:45:12,33.85,2.98
2017-11-11 09:45:49,36.93,2.96
2017-11-11 09:46:25,33.52,3.20
2017-11-11 09:46:59,33.63,3.00
2017-11-11 09:47:35,32.89,2.98
2017-11-11 09:48:11,35.35,3.15
2017-11-11 09:48:46,34.27,2.98
2017-11-11 09:49:23,31.50,2.96
2017-11-11 09:49:59,34.16,2.97
2017-11-11 09:50:36,33.10,2.99
2017-11-11 09:51:12,33.89,3.00
2017-11-11 09:51:51,34.97,2.94
2017-11-11 09:52:27,34.12,3.44
2017-11-11 09:53:00,34.15,2.96
2017-11-11 09:53:37,33.83,3.20
2017-11-11 09:54:13,33.51,3.28
2017-11-11 09:54:48,34.67,3.06
2017-11-11 09:55:24,33.17,3.01
2017-11-11 09:56:01,33.85,3.01
2017-11-11 09:56:36,33.02,2.96
2017-11-11 09:57:12,35.90,2.98
2017-11-11 09:57:48,33.93,2.96
2017-11-11 09:58:25,36.16,3.07
2017-11-11 09:59:00,33.73,2.97
2017-11-11 09:59:37,34.31,3.01
2017-11-11 10:00:14,29.27,2.88
2017-11-11 10:00:50,33.08,3.15
2017-11-11 10:01:25,32.97,2.96
2017-11-11 10:02:02,22.80,3.02
2017-11-11 10:02:37,33.52,2.97
2017-11-11 10:03:14,35.50,3.17
2017-11-11 10:03:48,33.20,2.90
2017-11-11 10:04:24,31.96,3.07
2017-11-11 10:05:00,33.34,2.97
2017-11-11 10:05:36,34.93,3.01
2017-11-11 10:06:11,35.75,2.97
2017-11-11 10:06:47,33.97,3.00
2017-11-11 10:07:23,32.03,2.99
2017-11-11 10:07:59,34.84,3.03
2017-11-11 10:08:35,34.24,3.00
2017-11-11 10:09:11,35.88,3.04
2017-11-11 10:09:46,35.10,2.98
2017-11-11 10:10:23,33.87,3.16
2017-11-11 10:10:59,36.33,3.05
2017-11-11 10:11:35,34.77,2.99
2017-11-11 10:12:11,34.42,2.99
2017-11-11 10:12:47,34.69,3.06
2017-11-11 10:13:23,36.17,3.10
2017-11-11 10:13:57,32.87,3.02
2017-11-11 10:14:34,31.21,2.97
2017-11-11 10:15:11,34.09,2.97
2017-11-11 10:15:47,35.27,3.10
2017-11-11 10:16:23,34.12,2.98
2017-11-11 10:16:59,35.26,2.98
2017-11-11 10:17:36,34.54,3.01
2017-11-11 10:18:12,35.06,2.96
2017-11-11 10:18:49,34.92,2.95
2017-11-11 10:19:26,35.21,2.96
2017-11-11 10:20:03,33.81,2.96
2017-11-11 10:20:40,34.48,3.09
2017-11-11 10:21:15,32.96,2.93
2017-11-11 10:21:50,33.08,2.97
2017-11-11 10:22:27,34.02,3.46
2017-11-11 10:23:00,34.93,2.96
2017-11-11 10:23:36,33.39,2.94
2017-11-11 10:24:13,35.47,2.99
2017-11-11 10:24:51,34.35,2.97
2017-11-11 10:25:27,35.84,3.41
2017-11-11 10:26:00,35.32,2.96
2017-11-11 10:26:37,35.40,3.04
2017-11-11 10:27:13,34.46,2.95
2017-11-11 10:27:49,35.55,2.95
2017-11-11 10:28:25,34.95,3.50
2017-11-11 10:28:58,34.62,3.01
2017-11-11 10:29:34,39.64,3.00
2017-11-11 10:30:10,38.85,2.99
2017-11-11 10:30:46,40.94,3.00
2017-11-11 10:31:22,40.72,3.10
2017-11-11 10:31:58,40.74,3.02
2017-11-11 10:32:33,40.54,3.02
2017-11-11 10:33:10,40.00,3.13
2017-11-11 10:33:44,41.13,3.00
2017-11-11 10:34:21,40.80,3.00
2017-11-11 10:34:58,40.91,3.02
2017-11-11 10:35:34,40.78,3.01
2017-11-11 10:36:10,40.74,3.00
2017-11-11 10:36:46,40.62,3.00
2017-11-11 10:37:22,40.10,2.99
2017-11-11 10:37:58,41.13,2.99
2017-11-11 10:38:35,40.87,3.01
2017-11-11 10:39:10,40.87,3.02
2017-11-11 10:39:46,40.86,2.98
2017-11-11 10:40:23,40.32,3.00
2017-11-11 10:40:59,40.55,2.99
2017-11-11 10:41:35,40.73,3.01
2017-11-11 10:42:11,37.10,3.00
2017-11-11 10:42:48,40.97,3.00
2017-11-11 10:43:24,36.28,3.00
2017-11-11 10:43:59,40.91,3.03
2017-11-11 10:44:35,39.82,3.04
2017-11-11 10:45:12,38.25,3.00
2017-11-11 10:45:48,39.82,3.03
2017-11-11 10:46:24,40.36,3.00
2017-11-11 10:47:00,39.16,3.04
2017-11-11 10:47:36,40.85,3.08
2017-11-11 10:48:11,33.76,3.10
2017-11-11 10:48:46,34.62,2.99
2017-11-11 10:49:22,33.59,3.02
2017-11-11 10:49:58,35.88,3.06
2017-11-11 10:50:33,32.44,2.99
2017-11-11 10:51:10,33.60,3.07
2017-11-11 10:51:46,30.47,2.98
2017-11-11 10:52:23,31.98,2.97
2017-11-11 10:52:59,32.68,2.97
2017-11-11 10:53:35,33.57,2.73
2017-11-11 10:54:12,32.70,2.99
2017-11-11 10:54:49,35.81,3.08
2017-11-11 10:55:25,35.56,2.96
2017-11-11 10:56:01,34.42,2.96
2017-11-11 10:56:38,32.97,3.05
2017-11-11 10:57:14,33.54,3.09
2017-11-11 10:57:48,33.09,3.11
2017-11-11 10:58:22,33.07,3.09
2017-11-11 10:58:56,34.45,2.97
2017-11-11 10:59:32,34.34,3.07
2017-11-11 11:00:07,31.57,3.05
2017-11-11 11:00:44,34.67,3.02
2017-11-11 11:01:19,33.62,3.01
2017-11-11 11:01:55,31.55,3.09
2017-11-11 11:02:31,34.07,3.08
2017-11-11 11:03:06,34.46,2.99
2017-11-11 11:03:41,34.26,3.14
2017-11-11 11:04:15,34.67,3.00
2017-11-11 11:04:50,34.36,3.07
2017-11-11 11:05:25,34.39,3.31
2017-11-11 11:05:59,33.85,3.07
2017-11-11 11:06:34,34.31,3.05
2017-11-11 11:07:09,33.47,3.03
2017-11-11 11:07:45,34.89,2.96
2017-11-11 11:08:22,34.86,2.97
2017-11-11 11:08:58,35.39,2.97
2017-11-11 11:09:34,34.27,3.01
2017-11-11 11:10:11,40.29,3.07
2017-11-11 11:10:46,40.26,3.03
2017-11-11 11:11:22,36.41,3.00
2017-11-11 11:12:00,40.95,3.03
2017-11-11 11:12:36,40.79,3.02
2017-11-11 11:13:12,40.71,3.02
2017-11-11 11:13:47,40.28,3.01
2017-11-11 11:14:24,41.01,3.04
2017-11-11 11:15:00,40.81,3.05
2017-11-11 11:15:37,39.85,3.02
2017-11-11 11:16:12,38.67,3.02
2017-11-11 11:16:48,40.84,3.00
2017-11-11 11:17:24,40.66,3.01
2017-11-11 11:18:00,41.06,2.99
2017-11-11 11:18:37,40.78,3.02
2017-11-11 11:19:13,40.98,3.00
2017-11-11 11:19:49,40.50,3.06
2017-11-11 11:20:24,40.83,3.01
2017-11-11 11:21:00,40.89,3.01
2017-11-11 11:21:36,38.76,2.98
2017-11-11 11:22:12,39.40,3.01
2017-11-11 11:22:47,41.08,2.98
2017-11-11 11:23:24,40.68,3.14
2017-11-11 11:24:00,40.55,3.12
2017-11-11 11:24:36,41.02,2.99
2017-11-11 11:25:12,39.39,3.00
2017-11-11 11:25:49,33.84,2.89
2017-11-11 11:26:25,34.24,3.07
2017-11-11 11:27:01,34.57,2.95
2017-11-11 11:27:38,34.84,2.97
2017-11-11 11:28:14,34.95,2.96
2017-11-11 11:28:51,32.09,3.04
2017-11-11 11:29:26,35.96,3.05
2017-11-11 11:30:02,35.91,2.99
2017-11-11 11:30:39,40.95,3.00
2017-11-11 11:31:16,40.97,2.96
2017-11-11 11:31:53,34.48,3.08
2017-11-11 11:32:29,32.83,3.27
2017-11-11 11:33:02,32.91,3.13
2017-11-11 11:33:37,34.62,3.06
2017-11-11 11:34:13,35.05,2.98
2017-11-11 11:34:50,35.63,2.98
2017-11-11 11:35:27,32.78,3.16
2017-11-11 11:36:02,33.14,3.01
2017-11-11 11:36:38,33.18,3.24
2017-11-11 11:37:13,34.04,3.05
2017-11-11 11:37:49,33.86,3.01
2017-11-11 11:38:26,33.51,3.27
2017-11-11 11:39:00,33.34,2.99
2017-11-11 11:39:36,32.42,3.01
2017-11-11 11:40:12,32.88,3.19
2017-11-11 11:40:47,34.13,3.14
2017-11-11 11:41:22,33.75,3.22
2017-11-11 11:41:57,36.30,3.02
2017-11-11 11:42:33,39.13,2.99
2017-11-11 11:43:09,41.12,3.04
2017-11-11 11:43:46,40.04,2.99
2017-11-11 11:44:23,39.19,3.01
2017-11-11 11:44:58,38.61,3.02
2017-11-11 11:45:35,38.66,3.01
2017-11-11 11:46:11,41.07,2.99
2017-11-11 11:46:47,40.88,3.04
2017-11-11 11:47:23,40.94,3.00
2017-11-11 11:47:59,37.88,3.00
2017-11-11 11:48:36,40.49,3.01
2017-11-11 11:49:11,39.58,3.03
2017-11-11 11:49:47,41.01,2.99
2017-11-11 11:50:24,41.04,3.02
2017-11-11 11:51:00,39.54,3.00
2017-11-11 11:51:36,39.91,3.00
2017-11-11 11:52:12,40.34,3.11
2017-11-11 11:52:47,41.08,3.00
2017-11-11 11:53:23,41.12,3.00
2017-11-11 11:53:58,40.03,3.04
2017-11-11 11:54:35,41.11,3.01
2017-11-11 11:55:10,40.78,3.02
2017-11-11 11:55:46,40.68,3.00
2017-11-11 11:56:21,37.07,3.14
2017-11-11 11:56:56,37.54,3.12
2017-11-11 11:57:31,39.90,2.98
2017-11-11 11:58:07,38.03,3.08
2017-11-11 11:58:42,38.99,3.01
2017-11-11 11:59:17,40.32,3.04
2017-11-11 11:59:53,38.95,3.00
2017-11-11 12:00:29,33.99,3.03
2017-11-11 12:01:06,40.74,3.04
2017-11-11 12:01:42,40.92,3.01
2017-11-11 12:02:18,40.22,3.03
2017-11-11 12:02:53,40.51,3.00
2017-11-11 12:03:30,40.22,3.00
2017-11-11 12:04:04,39.32,3.05
2017-11-11 12:04:40,40.76,3.10
2017-11-11 12:05:16,41.15,2.99
2017-11-11 12:05:52,41.12,3.07
2017-11-11 12:06:29,39.93,3.00
2017-11-11 12:07:05,39.81,3.05
2017-11-11 12:07:40,31.96,3.00
2017-11-11 12:08:16,38.22,3.02
2017-11-11 12:08:52,40.64,3.01
2017-11-11 12:09:28,41.11,3.03
2017-11-11 12:10:04,40.64,3.27
2017-11-11 12:10:39,41.19,3.01
2017-11-11 12:11:15,41.00,3.08
2017-11-11 12:11:51,40.88,3.07
2017-11-11 12:12:26,41.14,3.02
2017-11-11 12:13:03,40.72,3.04
2017-11-11 12:13:38,40.81,3.04
2017-11-11 12:14:15,40.23,3.00
2017-11-11 12:14:51,41.15,3.01
2017-11-11 12:15:28,40.31,3.04
2017-11-11 12:16:04,40.98,3.03
2017-11-11 12:16:40,40.97,3.01
2017-11-11 12:17:16,39.31,3.00
2017-11-11 12:17:53,41.06,3.00
2017-11-11 12:18:29,40.94,3.00
2017-11-11 12:19:05,40.60,3.02
2017-11-11 12:19:40,40.35,3.08
2017-11-11 12:20:15,40.68,3.01
2017-11-11 12:20:52,40.31,3.04
2017-11-11 12:21:29,40.87,3.08
2017-11-11 12:22:05,40.38,3.00
2017-11-11 12:22:41,41.11,3.05
2017-11-11 12:23:16,40.98,3.00
2017-11-11 12:23:52,41.13,2.99
2017-11-11 12:24:28,39.00,3.01
2017-11-11 12:25:04,41.00,3.00
2017-11-11 12:25:40,41.15,3.02
2017-11-11 12:26:15,40.97,3.05
2017-11-11 12:26:52,40.45,3.01
2017-11-11 12:27:28,40.95,3.02
2017-11-11 12:28:04,40.06,3.04
2017-11-11 12:28:39,40.29,3.04
2017-11-11 12:29:15,40.95,3.01
2017-11-11 12:29:51,41.13,3.02
2017-11-11 12:30:27,40.88,3.01
2017-11-11 12:31:03,40.47,3.00
2017-11-11 12:31:39,40.76,3.07
2017-11-11 12:32:15,40.37,3.00
2017-11-11 12:32:51,41.09,3.00
2017-11-11 12:33:27,40.33,3.06
2017-11-11 12:34:01,40.80,3.00
2017-11-11 12:34:38,37.54,3.01
2017-11-11 12:35:14,40.79,3.05
2017-11-11 12:35:49,40.90,3.08
2017-11-11 12:36:25,40.52,3.00
2017-11-11 12:37:01,39.81,3.10
2017-11-11 12:37:37,40.35,3.02
2017-11-11 12:38:13,41.14,3.01
2017-11-11 12:38:50,39.11,2.99
2017-11-11 12:39:26,40.30,3.04
2017-11-11 12:40:02,40.27,3.02
2017-11-11 12:40:38,40.72,3.09
2017-11-11 12:41:14,39.17,3.00
2017-11-11 12:41:51,40.15,3.02
2017-11-11 12:42:26,40.34,3.00
2017-11-11 12:43:03,39.76,3.00
2017-11-11 12:43:39,40.13,3.02
2017-11-11 12:44:15,40.96,3.06
2017-11-11 12:44:51,40.97,3.17
2017-11-11 12:45:26,40.51,3.00
2017-11-11 12:46:01,39.15,3.04
2017-11-11 12:46:38,39.45,3.02
2017-11-11 12:47:14,40.15,3.00
2017-11-11 12:47:50,40.37,3.02
2017-11-11 12:48:26,40.54,3.01
2017-11-11 12:49:03,40.98,3.01
2017-11-11 12:49:38,38.85,3.00
2017-11-11 12:50:15,40.80,3.00
2017-11-11 12:50:52,40.75,2.99
2017-11-11 12:51:27,40.85,3.06
2017-11-11 12:52:03,41.05,2.99
2017-11-11 12:52:39,40.22,3.14
2017-11-11 12:53:14,40.64,3.06
2017-11-11 12:53:49,40.45,3.01
2017-11-11 12:54:25,39.87,3.00
2017-11-11 12:55:02,39.46,3.00
2017-11-11 12:55:38,41.04,3.00
2017-11-11 12:56:15,40.50,3.00
2017-11-11 12:56:51,40.44,3.07
2017-11-11 12:57:26,39.29,3.01
2017-11-11 12:58:02,39.12,3.05
2017-11-11 12:58:38,39.07,2.99
2017-11-11 12:59:15,40.20,2.95
2017-11-11 12:59:51,39.89,3.06
2017-11-11 13:00:27,41.04,2.99
2017-11-11 13:01:06,39.47,2.97
2017-11-11 13:01:42,39.22,3.00
2017-11-11 13:02:18,40.28,3.21
2017-11-11 13:02:53,41.08,2.99
2017-11-11 13:03:29,40.92,3.00
2017-11-11 13:04:06,35.35,3.00
2017-11-11 13:04:42,40.95,3.00
2017-11-11 13:05:19,39.49,3.02
2017-11-11 13:05:54,40.25,2.99
2017-11-11 13:06:30,40.08,3.04
2017-11-11 13:07:06,40.26,3.01
2017-11-11 13:07:42,40.69,3.02
2017-11-11 13:08:18,40.27,3.00
2017-11-11 13:08:54,41.10,2.99
2017-11-11 13:09:30,41.10,3.07
2017-11-11 13:10:06,37.39,3.00
2017-11-11 13:10:42,36.84,3.01
2017-11-11 13:11:19,40.66,3.00
2017-11-11 13:11:55,40.92,2.99
2017-11-11 13:12:31,40.13,3.03
2017-11-11 13:13:08,40.34,3.05
2017-11-11 13:13:43,40.80,3.00
2017-11-11 13:14:20,40.80,3.00
2017-11-11 13:14:56,41.16,3.06
2017-11-11 13:15:32,40.71,3.03
2017-11-11 13:16:09,39.03,3.02
2017-11-11 13:16:44,40.51,3.06
2017-11-11 13:17:20,36.65,2.99
2017-11-11 13:17:57,40.47,3.07
2017-11-11 13:18:32,40.98,3.00
2017-11-11 13:19:08,40.23,3.00
2017-11-11 13:19:44,39.98,3.00
2017-11-11 13:20:20,40.94,3.02
2017-11-11 13:20:55,40.44,2.97
2017-11-11 13:21:31,39.28,3.00
2017-11-11 13:22:08,39.99,3.00
2017-11-11 13:22:44,40.77,2.89
2017-11-11 13:23:19,40.34,3.03
2017-11-11 13:23:56,40.14,3.21
2017-11-11 13:24:31,40.96,2.99
2017-11-11 13:25:07,39.67,3.01
2017-11-11 13:25:42,39.23,3.07
2017-11-11 13:26:18,40.56,2.99
2017-11-11 13:26:54,40.36,3.08
2017-11-11 13:27:29,37.64,2.96
2017-11-11 13:28:05,35.58,3.03
2017-11-11 13:28:42,40.34,2.99
2017-11-11 13:29:19,38.05,3.03
2017-11-11 13:29:55,40.71,3.01
2017-11-11 13:30:31,40.86,2.74
2017-11-11 13:31:06,40.99,3.00
2017-11-11 13:31:42,39.44,3.08
2017-11-11 13:32:18,36.96,3.01
2017-11-11 13:32:54,36.28,3.06
2017-11-11 13:33:31,40.23,3.20
2017-11-11 13:34:06,39.10,3.02
2017-11-11 13:34:42,38.21,3.01
2017-11-11 13:35:17,40.98,3.02
2017-11-11 13:35:53,37.65,3.01
2017-11-11 13:36:29,37.99,3.07
2017-11-11 13:37:05,40.93,2.98
2017-11-11 13:37:42,33.14,2.96
2017-11-11 13:38:17,33.08,2.97
2017-11-11 13:38:53,35.06,3.01
2017-11-11 13:39:28,33.19,3.17
2017-11-11 13:40:03,34.78,2.98
2017-11-11 13:40:39,23.14,3.05
2017-11-11 13:41:15,35.78,3.09
2017-11-11 13:41:51,39.97,3.00
2017-11-11 13:42:27,37.64,3.00
2017-11-11 13:43:04,40.78,3.00
2017-11-11 13:43:40,40.79,3.04
2017-11-11 13:44:16,40.28,2.99
2017-11-11 13:44:53,33.09,2.98
2017-11-11 13:45:30,34.32,3.10
2017-11-11 13:46:05,34.29,3.01
2017-11-11 13:46:40,32.71,2.96
2017-11-11 13:47:17,32.34,2.98
2017-11-11 13:47:54,33.85,2.96
2017-11-11 13:48:30,34.03,3.01
2017-11-11 13:49:06,36.39,3.03
2017-11-11 13:49:41,35.59,2.98
2017-11-11 13:50:17,31.97,3.00
2017-11-11 13:50:54,31.62,2.97
2017-11-11 13:51:29,34.38,3.17
2017-11-11 13:52:05,34.13,3.20
2017-11-11 13:52:39,34.36,3.14
2017-11-11 13:53:13,32.73,3.07
2017-11-11 13:53:49,33.41,2.97
2017-11-11 13:54:25,31.71,2.97
2017-11-11 13:55:03,33.79,3.09
2017-11-11 13:55:38,33.24,2.99
2017-11-11 13:56:13,34.93,3.56
2017-11-11 13:56:47,33.40,2.95
2017-11-11 13:57:23,34.64,3.00
2017-11-11 13:58:00,40.10,2.99
2017-11-11 13:58:37,33.38,2.99
2017-11-11 13:59:13,33.51,3.02
2017-11-11 13:59:49,33.08,2.98
2017-11-11 14:00:25,34.40,3.00
2017-11-11 14:01:01,34.67,3.18
2017-11-11 14:01:36,33.71,3.09
2017-11-11 14:02:10,32.45,2.98
2017-11-11 14:02:48,34.07,2.96
2017-11-11 14:03:24,34.15,3.28
2017-11-11 14:03:59,34.00,3.02
2017-11-11 14:04:35,32.96,3.00
2017-11-11 14:05:11,33.39,3.02
2017-11-11 14:05:46,36.40,3.00
2017-11-11 14:06:23,30.09,3.03
2017-11-11 14:06:58,29.69,2.96
2017-11-11 14:07:35,27.70,3.02
2017-11-11 14:08:11,34.92,2.97
2017-11-11 14:08:47,33.62,2.98
2017-11-11 14:09:24,34.02,2.96
2017-11-11 14:10:01,34.32,3.07
2017-11-11 14:10:37,33.74,3.09
2017-11-11 14:11:12,32.96,2.98
2017-11-11 14:11:49,32.53,3.37
2017-11-11 14:12:22,33.62,2.96
2017-11-11 14:12:58,34.66,3.03
2017-11-11 14:13:34,35.21,3.01
2017-11-11 14:14:10,38.32,2.97
2017-11-11 14:14:46,33.27,2.97
2017-11-11 14:15:22,27.82,2.94
2017-11-11 14:15:59,31.06,2.98
2017-11-11 14:16:35,35.22,3.00
2017-11-11 14:17:11,37.80,3.04
2017-11-11 14:17:48,35.42,2.96
2017-11-11 14:18:24,32.99,3.06
2017-11-11 14:19:00,33.44,3.15
2017-11-11 14:19:35,34.27,3.19
2017-11-11 14:20:09,32.01,2.98
2017-11-11 14:20:46,33.37,2.97
2017-11-11 14:21:22,34.76,2.97
2017-11-11 14:21:58,34.50,2.98
2017-11-11 14:22:35,34.38,3.00
2017-11-11 14:23:12,34.24,3.10
2017-11-11 14:23:48,29.91,3.10
2017-11-11 14:24:25,29.74,3.00
2017-11-11 14:25:01,32.13,2.99
2017-11-11 14:25:38,39.57,2.96
2017-11-11 14:26:15,30.13,2.97
2017-11-11 14:26:52,33.64,3.26
2017-11-11 14:27:27,18.49,3.05
2017-11-11 14:28:03,27.57,3.08
2017-11-11 14:28:39,25.47,2.97
2017-11-11 14:29:16,20.54,2.99
2017-11-11 14:29:53,17.15,2.99
2017-11-11 14:30:29,19.76,3.08
2017-11-11 14:31:04,21.49,3.03
2017-11-11 14:31:40,20.97,2.89
2017-11-11 14:32:16,30.69,3.11
2017-11-11 14:32:52,33.38,3.00
2017-11-11 14:33:27,36.21,3.00
2017-11-11 14:34:04,30.42,3.00
2017-11-11 14:34:40,36.16,2.99
2017-11-11 14:35:17,21.64,3.07
2017-11-11 14:35:54,40.62,3.00
2017-11-11 14:36:30,40.57,2.99
2017-11-11 14:37:06,39.77,3.00
2017-11-11 14:37:43,39.79,3.06
2017-11-11 14:38:19,37.06,3.02
2017-11-11 14:38:54,32.34,3.12
2017-11-11 14:39:30,37.81,3.00
2017-11-11 14:40:06,35.54,3.05
2017-11-11 14:40:43,34.68,3.08
2017-11-11 14:41:19,34.24,2.99
2017-11-11 14:41:55,33.00,3.04
2017-11-11 14:42:31,30.29,3.06
2017-11-11 14:43:05,37.23,3.08
2017-11-11 14:43:41,40.06,3.02
2017-11-11 14:44:18,13.83,3.19
2017-11-11 14:44:53,27.14,3.01
2017-11-11 14:46:00,29.62,3.01
2017-11-11 14:47:06,21.94,3.00
2017-11-11 14:48:12,12.36,2.99
2017-11-11 14:49:20,23.38,3.02
2017-11-11 14:50:26,34.94,3.14
2017-11-11 14:51:31,35.18,2.99
2017-11-11 14:52:37,20.99,3.00
2017-11-11 14:53:44,14.71,2.99
2017-11-11 14:54:52,8.51,3.05
2017-11-11 14:55:59,10.00,2.99
2017-11-11 14:57:05,6.99,3.03
2017-11-11 14:58:12,6.05,3.14
2017-11-11 14:59:17,11.45,2.96
2017-11-11 15:00:25,11.19,3.04
2017-11-11 15:01:30,7.45,3.01
2017-11-11 15:02:38,11.24,3.00
2017-11-11 15:03:46,13.44,3.00
2017-11-11 15:04:51,13.54,3.01
2017-11-11 15:05:57,9.11,2.99
2017-11-11 15:07:05,5.49,3.01
2017-11-11 15:08:12,10.91,2.96
2017-11-11 15:09:20,6.60,2.94
2017-11-11 15:10:28,10.14,3.27
2017-11-11 15:11:33,12.09,2.98
2017-11-11 15:12:40,4.94,2.95
2017-11-11 15:13:48,5.02,2.96
2017-11-11 15:14:59,7.61,2.99
2017-11-11 15:16:06,6.58,3.01
2017-11-11 15:17:14,6.54,3.01
2017-11-11 15:18:20,6.60,3.12
2017-11-11 15:19:27,5.53,2.99
2017-11-11 15:20:35,3.95,2.99
2017-11-11 15:21:42,10.77,2.99
2017-11-11 15:22:50,31.01,2.98
2017-11-11 15:23:58,13.31,2.99
2017-11-11 15:25:05,11.72,3.01
2017-11-11 15:26:12,12.61,3.04
2017-11-11 15:27:18,20.43,3.06
2017-11-11 15:28:25,6.37,3.06
2017-11-11 15:29:31,5.79,2.99
2017-11-11 15:30:38,11.48,3.03
2017-11-11 15:31:46,4.96,2.98
2017-11-11 15:32:53,9.32,2.97
2017-11-11 15:34:00,3.73,3.00
2017-11-11 15:35:07,5.98,2.98
2017-11-11 15:36:15,4.36,3.00
2017-11-11 15:37:23,7.40,2.95
2017-11-11 15:38:30,4.54,3.00
2017-11-11 15:39:08,16.16,3.00
2017-11-11 15:39:45,10.75,2.98
2017-11-11 15:40:23,23.44,3.00
2017-11-11 15:41:00,26.81,3.31
2017-11-11 15:41:35,22.82,2.99
2017-11-11 15:42:11,10.41,3.04
2017-11-11 15:42:48,17.79,3.18
2017-11-11 15:43:23,31.15,3.00
2017-11-11 15:43:59,35.08,3.01
2017-11-11 15:44:36,34.44,3.10
2017-11-11 15:45:11,33.81,3.01
2017-11-11 15:45:47,35.15,3.03
2017-11-11 15:46:22,32.96,3.02
2017-11-11 15:46:59,33.99,3.04
2017-11-11 15:47:36,30.75,3.08
2017-11-11 15:48:12,34.39,3.04
2017-11-11 15:48:47,33.36,3.00
2017-11-11 15:49:23,31.16,3.01
2017-11-11 15:50:00,33.31,2.97
2017-11-11 15:50:35,31.62,2.99
2017-11-11 15:51:12,34.90,3.08
2017-11-11 15:51:52,36.40,3.04
2017-11-11 15:52:29,37.77,3.01
2017-11-11 15:53:06,39.52,3.02
2017-11-11 15:53:42,27.20,2.97
2017-11-11 15:54:18,37.89,2.95
2017-11-11 15:54:54,28.86,2.96
2017-11-11 15:55:30,12.75,3.15
2017-11-11 15:56:06,21.77,3.24
2017-11-11 15:56:42,24.38,3.04
2017-11-11 15:57:19,23.83,2.99
2017-11-11 15:57:56,30.50,2.96
2017-11-11 15:58:33,26.95,2.98
2017-11-11 15:59:10,29.59,2.94
2017-11-11 15:59:48,22.68,2.99
2017-11-11 16:00:24,15.61,3.02
2017-11-11 16:01:03,26.08,3.03
2017-11-11 16:01:39,23.68,3.34
2017-11-11 16:02:13,23.04,2.87
2017-11-11 16:02:50,33.00,2.96
2017-11-11 16:03:27,17.41,3.04
2017-11-11 16:04:04,29.99,3.01
2017-11-11 16:04:41,32.81,2.92
2017-11-11 16:05:17,23.58,2.98
2017-11-11 16:05:52,14.69,2.97
2017-11-11 16:06:30,12.93,2.95
2017-11-11 16:07:08,11.10,2.98
2017-11-11 16:07:46,10.13,2.96
2017-11-11 16:08:25,17.95,2.96
2017-11-11 16:09:03,27.73,2.85
2017-11-11 16:09:40,24.56,3.15
2017-11-11 16:10:16,26.37,3.10
2017-11-11 16:10:52,18.33,2.98
2017-11-11 16:11:29,14.72,3.04
2017-11-11 16:12:06,10.74,3.02
2017-11-11 16:12:42,16.36,2.98
2017-11-11 16:13:19,5.34,3.00
2017-11-11 16:13:56,8.88,2.99
2017-11-11 16:14:36,14.58,2.99
2017-11-11 16:15:13,3.98,3.01
2017-11-11 16:15:51,6.15,3.00
2017-11-11 16:16:28,8.40,3.05
2017-11-11 16:17:05,6.36,3.01
2017-11-11 16:17:43,8.33,3.05
2017-11-11 16:18:20,7.03,3.04
2017-11-11 16:18:57,7.67,3.00
2017-11-11 16:19:33,10.02,3.00
2017-11-11 16:20:10,5.33,3.03
2017-11-11 16:20:47,9.75,3.06
2017-11-11 16:21:24,10.11,3.02
2017-11-11 16:22:01,31.10,3.00
2017-11-11 16:22:38,18.13,3.01
2017-11-11 16:23:16,24.66,3.03
2017-11-11 16:23:51,17.17,3.09
2017-11-11 16:24:27,6.79,3.03
2017-11-11 16:25:03,6.89,2.98
2017-11-11 16:25:41,8.74,2.97
2017-11-11 16:26:19,11.54,3.01
2017-11-11 16:26:56,12.41,2.99
2017-11-11 16:27:35,16.90,2.98
2017-11-11 16:28:12,9.26,3.03
2017-11-11 16:28:49,11.86,3.02
2017-11-11 16:29:26,8.98,3.07
2017-11-11 16:30:04,11.74,2.97
2017-11-11 16:30:42,14.33,3.00
2017-11-11 16:31:20,8.36,3.00
2017-11-11 16:31:56,6.77,3.16
2017-11-11 16:32:33,9.55,3.00
2017-11-11 16:33:10,8.58,3.04
2017-11-11 16:33:46,7.29,2.97
2017-11-11 16:34:24,9.82,3.00
2017-11-11 16:35:00,8.88,3.00
2017-11-11 16:35:37,10.11,2.99
2017-11-11 16:36:14,9.29,3.00
2017-11-11 16:36:52,6.74,2.95
2017-11-11 16:37:29,11.61,2.97
2017-11-11 16:38:06,7.02,2.98
2017-11-11 16:38:44,5.52,2.97
2017-11-11 16:39:21,4.60,3.21
2017-11-11 16:39:57,5.06,2.99
2017-11-11 16:40:35,6.64,2.98
2017-11-11 16:41:15,10.41,3.00
2017-11-11 16:41:52,2.57,3.00
2017-11-11 16:42:32,2.32,3.03
2017-11-11 16:43:09,4.62,3.01
2017-11-11 16:43:48,2.60,2.99
2017-11-11 16:44:27,3.72,3.04
2017-11-11 16:45:05,3.04,3.01
2017-11-11 16:45:43,1.68,2.97
2017-11-11 16:46:24,3.01,2.94
2017-11-11 16:47:03,2.54,3.08
2017-11-11 16:47:42,3.82,3.00
2017-11-11 16:48:21,3.99,3.13
2017-11-11 16:48:59,4.57,2.99
2017-11-11 16:49:36,2.60,3.05
2017-11-11 16:50:19,6.04,2.97
2017-11-11 16:50:55,6.79,2.99
2017-11-11 16:51:32,5.58,2.98
2017-11-11 16:52:10,3.27,2.97
2017-11-11 16:52:49,5.58,3.01
2017-11-11 16:53:27,4.07,2.99
2017-11-11 16:54:04,5.10,3.06
2017-11-11 16:54:40,7.01,3.01
2017-11-11 16:55:18,3.05,3.04
2017-11-11 16:55:55,5.74,3.01
2017-11-11 16:56:33,3.26,2.99
2017-11-11 16:57:10,3.22,2.99
2017-11-11 16:57:48,2.82,3.00
2017-11-11 16:58:26,3.61,3.00
2017-11-11 16:59:04,2.83,3.03
2017-11-11 16:59:42,4.23,3.00
2017-11-11 17:00:20,5.08,3.01
2017-11-11 17:00:57,3.58,3.01
2017-11-11 17:01:36,3.76,3.00
2017-11-11 17:02:14,6.38,3.00
2017-11-11 17:02:51,7.44,3.21
2017-11-11 17:03:27,4.72,3.00
2017-11-11 17:04:04,9.84,3.00
2017-11-11 17:04:41,7.24,3.03
2017-11-11 17:05:18,5.44,3.11
2017-11-11 17:05:55,7.19,3.00
2017-11-11 17:06:32,5.83,3.00
2017-11-11 17:07:09,8.68,3.05
2017-11-11 17:07:45,7.32,3.01
2017-11-11 17:08:23,11.78,3.03
2017-11-11 17:09:02,4.95,3.03
2017-11-11 17:09:39,8.96,3.00
2017-11-11 17:10:15,8.84,3.00
2017-11-11 17:10:52,11.54,3.00
2017-11-11 17:11:29,5.71,3.00
2017-11-11 17:12:05,3.62,3.01
2017-11-11 17:12:44,5.53,3.04
2017-11-11 17:13:20,7.94,3.15
2017-11-11 17:13:56,5.83,3.04
2017-11-11 17:14:33,11.00,3.08
2017-11-11 17:15:09,3.09,3.00
2017-11-11 17:15:47,4.49,3.00
2017-11-11 17:16:24,5.14,3.02
2017-11-11 17:17:01,5.54,3.01
2017-11-11 17:17:38,3.30,3.01
2017-11-11 17:18:15,3.54,3.00
2017-11-11 17:18:53,2.54,3.03
2017-11-11 17:19:31,2.70,3.03
2017-11-11 17:20:10,3.19,3.01
2017-11-11 17:20:48,2.53,3.00
2017-11-11 17:21:26,4.07,3.02
2017-11-11 17:22:05,2.75,3.00
2017-11-11 17:22:42,2.35,3.00
2017-11-11 17:23:21,1.81,3.00
2017-11-11 17:24:00,1.64,3.01
2017-11-11 17:24:41,2.28,3.04
2017-11-11 17:25:19,1.95,3.03
2017-11-11 17:25:57,2.01,2.98
2017-11-11 17:26:36,1.56,3.15
2017-11-11 17:27:14,1.83,2.85
2017-11-11 17:27:56,2.11,3.18
2017-11-11 17:28:34,3.32,3.02
2017-11-11 17:29:11,3.15,3.12
2017-11-11 17:29:49,2.63,3.01
2017-11-11 17:30:27,2.56,3.07
2017-11-11 17:31:05,4.05,2.99
2017-11-11 17:31:47,3.12,2.99
2017-11-11 17:32:24,3.60,3.00
2017-11-11 17:33:01,4.27,3.00
2017-11-11 17:33:39,3.06,3.02
2017-11-11 17:34:17,3.63,3.04
2017-11-11 17:34:53,2.23,3.01
2017-11-11 17:35:32,2.84,3.00
2017-11-11 17:36:09,2.71,2.99
2017-11-11 17:36:48,2.22,2.99
2017-11-11 17:37:27,3.75,3.02
2017-11-11 17:38:05,2.86,3.04
2017-11-11 17:38:43,2.28,3.02
2017-11-11 17:39:21,2.03,3.01
2017-11-11 17:39:59,2.55,3.05
2017-11-11 17:40:37,2.10,3.04
2017-11-11 17:41:15,2.00,3.01
2017-11-11 17:41:53,2.01,3.00
2017-11-11 17:42:32,2.15,2.99
2017-11-11 17:43:10,1.96,3.00
2017-11-11 17:43:49,2.08,3.01
2017-11-11 17:44:27,2.35,3.00
2017-11-11 17:45:05,2.48,3.12
2017-11-11 17:45:43,2.05,3.08
2017-11-11 17:46:21,2.35,3.01
2017-11-11 17:47:00,2.29,3.00
2017-11-11 17:47:38,2.35,3.02
2017-11-11 17:48:17,3.25,3.08
2017-11-11 17:48:54,2.73,3.00
2017-11-11 17:49:32,2.84,3.00
2017-11-11 17:50:11,3.76,3.07
2017-11-11 17:50:49,4.34,3.00
2017-11-11 17:51:27,2.56,2.99
2017-11-11 17:52:17,3.12,3.05
2017-11-11 17:52:56,2.74,3.02
2017-11-11 17:53:33,3.22,3.00
2017-11-11 17:54:11,3.12,3.01
2017-11-11 17:54:48,3.27,3.01
2017-11-11 17:55:25,2.74,3.01
2017-11-11 17:56:03,3.53,3.03
2017-11-11 17:56:40,2.94,3.01
2017-11-11 17:57:17,3.48,3.00
2017-11-11 17:57:54,2.56,3.00
2017-11-11 17:58:33,3.74,3.00
2017-11-11 17:59:10,4.70,3.00
2017-11-11 17:59:48,1.98,3.00
2017-11-11 18:00:25,2.54,3.02
2017-11-11 18:01:05,3.58,3.00
2017-11-11 18:01:45,3.46,3.01
2017-11-11 18:02:23,3.40,3.07
2017-11-11 18:03:00,3.00,3.02
2017-11-11 18:03:38,2.26,3.01
2017-11-11 18:04:16,1.76,3.06
2017-11-11 18:04:55,2.68,3.00
2017-11-11 18:05:33,2.05,3.00
2017-11-11 18:06:12,1.93,3.00
2017-11-11 18:06:52,1.99,3.00
2017-11-11 18:07:30,1.64,3.01
2017-11-11 18:08:08,1.86,3.16
2017-11-11 18:08:46,1.36,3.06
2017-11-11 18:09:24,1.82,3.03
2017-11-11 18:10:03,1.88,3.09
2017-11-11 18:10:42,2.03,3.00
2017-11-11 18:11:21,1.72,2.98
2017-11-11 18:12:00,1.86,3.03
2017-11-11 18:12:38,1.79,3.08
2017-11-11 18:13:15,1.87,3.02
2017-11-11 18:13:53,2.20,3.00
2017-11-11 18:14:32,2.24,3.09
2017-11-11 18:15:11,2.39,3.03
2017-11-11 18:15:49,2.99,3.02
2017-11-11 18:16:28,3.51,3.00
2017-11-11 18:17:05,2.89,3.03
2017-11-11 18:17:44,2.01,3.01
2017-11-11 18:18:22,2.36,3.07
2017-11-11 18:19:00,1.52,3.03
2017-11-11 18:19:38,1.53,3.07
2017-11-11 18:20:17,1.35,3.00
2017-11-11 18:20:56,2.52,3.00
2017-11-11 18:21:35,3.53,3.00
2017-11-11 18:22:13,3.17,3.01
2017-11-11 18:22:50,3.96,3.00
2017-11-11 18:23:28,2.55,3.00
2017-11-11 18:24:06,3.75,3.00
2017-11-11 18:24:45,4.22,3.03
2017-11-11 18:25:21,3.50,3.00
2017-11-11 18:25:59,3.37,3.01
2017-11-11 18:26:37,2.71,3.01
2017-11-11 18:27:15,2.36,3.00
2017-11-11 18:27:51,3.18,3.13
2017-11-11 18:28:28,2.45,3.03
2017-11-11 18:29:06,2.19,3.03
2017-11-11 18:29:45,2.79,3.00
2017-11-11 18:30:23,5.85,3.00
2017-11-11 18:31:01,4.50,3.00
2017-11-11 18:31:39,2.95,3.00
2017-11-11 18:32:18,2.58,3.04
2017-11-11 18:32:56,4.53,3.00
2017-11-11 18:33:37,9.74,3.03
2017-11-11 18:34:14,14.63,3.12
2017-11-11 18:34:50,16.99,3.16
2017-11-11 18:35:25,5.18,3.01
2017-11-11 18:36:03,2.95,3.00
2017-11-11 18:36:40,4.83,3.02
2017-11-11 18:37:18,2.62,3.09
2017-11-11 18:37:55,3.99,3.00
2017-11-11 18:38:33,2.97,3.00
2017-11-11 18:39:11,3.33,3.10
2017-11-11 18:39:47,5.09,3.00
2017-11-11 18:40:24,5.56,2.99
2017-11-11 18:41:02,8.91,2.99
2017-11-11 18:41:37,4.05,3.09
2017-11-11 18:42:13,6.01,3.01
2017-11-11 18:42:50,5.22,2.99
2017-11-11 18:43:27,5.93,3.00
2017-11-11 18:44:05,12.85,2.99
2017-11-11 18:44:42,21.20,3.06
2017-11-11 18:45:18,19.27,3.00
2017-11-11 18:45:57,20.48,3.01
2017-11-11 18:46:34,22.13,3.03
2017-11-11 18:47:11,33.67,3.06
2017-11-11 18:47:48,28.07,3.03
2017-11-11 18:48:24,28.02,3.03
2017-11-11 18:49:00,39.81,3.04
2017-11-11 18:49:36,34.95,2.98
2017-11-11 18:50:12,32.19,3.00
2017-11-11 18:50:49,31.23,3.07
2017-11-11 18:51:25,18.04,2.99
2017-11-11 18:52:00,37.14,3.03
2017-11-11 18:52:38,37.77,3.04
2017-11-11 18:53:14,35.85,2.99
2017-11-11 18:53:50,31.09,3.02
2017-11-11 18:54:27,29.53,3.06
2017-11-11 18:55:04,33.57,3.03
2017-11-11 18:55:39,27.14,3.10
2017-11-11 18:56:14,18.50,3.00
2017-11-11 18:56:51,25.84,2.99
2017-11-11 18:57:27,16.25,3.03
2017-11-11 18:58:04,16.10,3.00
2017-11-11 18:58:42,36.03,3.05
2017-11-11 18:59:18,32.18,2.99
2017-11-11 19:00:00,16.15,3.03
2017-11-11 19:00:37,25.27,3.00
2017-11-11 19:01:13,13.97,3.04
2017-11-11 19:01:49,28.51,3.01
2017-11-11 19:02:31,31.38,3.10
2017-11-11 19:03:07,37.51,3.02
2017-11-11 19:03:43,25.95,3.15
2017-11-11 19:04:20,34.87,3.06
2017-11-11 19:04:56,34.70,3.01
2017-11-11 19:05:33,33.36,2.99
2017-11-11 19:06:08,13.22,3.03
2017-11-11 19:06:46,30.50,3.01
2017-11-11 19:07:22,20.14,3.04
2017-11-11 19:07:58,16.00,2.99
2017-11-11 19:08:34,16.24,
2017-11-11 19:09:10,3.77,3.03
2017-11-11 19:09:49,3.72,2.99
2017-11-11 19:10:27,6.67,3.03
2017-11-11 19:11:03,4.74,2.99
2017-11-11 19:11:42,8.52,3.01
2017-11-11 19:12:19,11.34,3.08
2017-11-11 19:12:54,24.52,3.06
2017-11-11 19:13:31,16.93,3.14
2017-11-11 19:14:07,21.01,3.03
2017-11-11 19:14:44,,
2017-11-11 19:15:05,20.63,3.00
2017-11-11 19:15:42,12.76,3.00
2017-11-11 19:16:18,24.16,3.05
2017-11-11 19:16:54,23.18,3.13
2017-11-11 19:17:31,15.43,3.02
2017-11-11 19:18:07,20.62,3.00
2017-11-11 19:18:45,10.39,3.00
2017-11-11 19:19:22,18.58,3.01
2017-11-11 19:20:00,4.87,2.99
2017-11-11 19:20:37,8.77,3.10
2017-11-11 19:21:15,9.15,2.99
2017-11-11 19:21:52,3.91,3.00
2017-11-11 19:22:29,6.83,3.01
2017-11-11 19:23:06,4.19,3.01
2017-11-11 19:23:43,6.18,3.03
2017-11-11 19:24:20,10.42,3.08
2017-11-11 19:24:57,13.37,3.00
2017-11-11 19:25:33,5.85,3.02
2017-11-11 19:26:11,4.94,3.07
2017-11-11 19:26:49,6.81,2.99
2017-11-11 19:27:27,20.79,3.00
2017-11-11 19:28:04,23.30,3.11
2017-11-11 19:28:40,14.44,3.10
2017-11-11 19:29:16,7.77,3.02
2017-11-11 19:29:53,7.38,3.09
2017-11-11 19:30:29,3.09,3.02
2017-11-11 19:31:07,2.97,3.00
2017-11-11 19:31:46,2.31,3.00
2017-11-11 19:32:25,2.31,3.03
2017-11-11 19:33:02,3.08,3.03
2017-11-11 19:33:39,3.80,3.00
2017-11-11 19:34:17,3.17,3.03
2017-11-11 19:34:54,4.25,2.99
2017-11-11 19:35:33,3.49,3.00
2017-11-11 19:36:10,3.49,3.03
2017-11-11 19:36:49,5.25,3.02
2017-11-11 19:37:26,5.42,3.01
2017-11-11 19:38:02,4.56,3.00
2017-11-11 19:38:40,4.04,3.01
2017-11-11 19:39:18,4.36,2.99
2017-11-11 19:39:56,6.07,3.07
2017-11-11 19:40:32,9.99,3.00
2017-11-11 19:41:09,7.13,3.01
2017-11-11 19:41:44,5.03,3.00
2017-11-11 19:42:22,15.25,3.03
2017-11-11 19:42:58,9.09,3.06
2017-11-11 19:43:35,5.32,3.02
2017-11-11 19:44:12,6.97,3.10
2017-11-11 19:44:49,11.95,3.01
2017-11-11 19:45:26,9.01,3.00
2017-11-11 19:46:03,6.09,3.01
2017-11-11 19:46:41,6.77,3.08
2017-11-11 19:47:17,13.70,3.00
2017-11-11 19:47:54,10.61,3.00
2017-11-11 19:48:32,2.63,3.01
2017-11-11 19:49:11,4.18,3.00
2017-11-11 19:49:49,4.66,3.03
2017-11-11 19:50:27,8.10,3.02
2017-11-11 19:51:03,8.80,3.03
2017-11-11 19:51:41,5.35,3.11
2017-11-11 19:52:17,5.54,3.00
2017-11-11 19:52:54,4.88,3.12
2017-11-11 19:53:30,3.50,3.00
2017-11-11 19:54:08,2.54,3.02
2017-11-11 19:54:46,3.17,3.07
2017-11-11 19:55:23,11.24,3.00
2017-11-11 19:56:00,5.61,3.00
2017-11-11 19:56:37,8.69,3.02
2017-11-11 19:57:14,8.47,3.00
2017-11-11 19:57:52,4.24,3.18
2017-11-11 19:58:29,3.78,3.00
2017-11-11 19:59:07,8.47,3.00
2017-11-11 19:59:44,5.23,3.01
2017-11-11 20:00:21,11.47,2.99
2017-11-11 20:00:57,6.21,3.02
2017-11-11 20:01:35,5.54,3.06
2017-11-11 20:02:12,4.12,3.03
2017-11-11 20:02:48,7.01,3.17
2017-11-11 20:03:22,9.42,3.04
2017-11-11 20:04:00,8.79,3.00
2017-11-11 20:04:37,9.84,3.04
2017-11-11 20:05:14,9.89,3.14
2017-11-11 20:05:50,12.77,2.99
2017-11-11 20:06:26,10.51,3.04
2017-11-11 20:07:03,7.29,3.00
2017-11-11 20:07:40,6.76,2.99
2017-11-11 20:08:17,7.92,3.01
2017-11-11 20:08:54,7.18,3.02
2017-11-11 20:09:30,9.61,2.99
2017-11-11 20:10:08,5.38,3.06
2017-11-11 20:10:44,5.57,3.01
2017-11-11 20:11:20,8.16,2.99
2017-11-11 20:11:57,10.25,3.02
2017-11-11 20:12:33,11.03,3.04
2017-11-11 20:13:09,15.14,3.02
2017-11-11 20:13:47,11.02,3.02
2017-11-11 20:14:24,26.34,3.01
2017-11-11 20:15:00,10.55,3.03
2017-11-11 20:15:37,23.87,2.99
2017-11-11 20:16:14,16.52,3.00
2017-11-11 20:16:51,14.94,2.99
2017-11-11 20:17:28,13.42,3.01
2017-11-11 20:18:05,7.01,2.99
2017-11-11 20:18:41,3.34,3.03
2017-11-11 20:19:21,5.82,3.03
2017-11-11 20:19:58,18.68,3.01
2017-11-11 20:20:34,23.81,3.00
2017-11-11 20:21:11,13.46,3.05
2017-11-11 20:21:47,13.05,2.99
2017-11-11 20:22:24,22.56,2.99
2017-11-11 20:23:00,23.81,3.01
2017-11-11 20:23:36,23.29,3.02
2017-11-11 20:24:12,22.91,3.00
2017-11-11 20:24:48,16.91,3.02
2017-11-11 20:25:25,22.02,3.03
2017-11-11 20:26:01,13.17,3.00
2017-11-11 20:26:38,7.70,3.01
2017-11-11 20:27:15,13.47,3.00
2017-11-11 20:27:52,10.64,3.01
2017-11-11 20:28:29,7.37,3.02
2017-11-11 20:29:05,9.26,3.01
2017-11-11 20:29:42,4.89,3.00
2017-11-11 20:30:22,6.50,3.07
2017-11-11 20:30:59,6.03,2.94
2017-11-11 20:31:36,5.28,2.99
2017-11-11 20:32:16,5.85,3.02
2017-11-11 20:32:53,8.15,3.03
2017-11-11 20:33:30,7.49,3.08
2017-11-11 20:34:06,6.77,3.01
2017-11-11 20:34:44,7.27,3.08
2017-11-11 20:35:20,4.13,3.00
2017-11-11 20:35:58,3.45,3.03
2017-11-11 20:36:35,5.57,3.08
2017-11-11 20:37:11,4.46,3.03
2017-11-11 20:37:48,7.71,3.13
2017-11-11 20:38:23,5.88,3.04
2017-11-11 20:39:00,5.31,3.03
2017-11-11 20:39:37,6.69,3.08
2017-11-11 20:40:14,3.63,3.00
2017-11-11 20:40:52,6.78,3.00
2017-11-11 20:41:30,8.28,3.03
2017-11-11 20:42:06,4.91,2.99
2017-11-11 20:42:42,5.47,3.00
2017-11-11 20:43:19,5.02,3.00
2017-11-11 20:43:56,4.17,3.03
2017-11-11 20:44:32,8.36,3.00
2017-11-11 20:45:10,7.37,3.06
2017-11-11 20:45:47,8.90,3.01
2017-11-11 20:46:23,3.22,3.02
2017-11-11 20:47:01,3.59,2.99
2017-11-11 20:47:40,2.49,3.03
2017-11-11 20:48:18,3.08,3.06
2017-11-11 20:48:56,11.06,3.03
2017-11-11 20:49:33,3.16,3.06
2017-11-11 20:50:11,4.49,3.22
2017-11-11 20:50:46,4.97,3.03
2017-11-11 20:51:22,8.69,3.01
2017-11-11 20:52:00,9.53,3.01
2017-11-11 20:52:36,9.66,3.00
2017-11-11 20:53:13,3.59,3.00
2017-11-11 20:53:50,6.73,3.02
2017-11-11 20:54:27,13.51,3.00
2017-11-11 20:55:04,10.98,2.99
2017-11-11 20:55:40,4.01,3.00
2017-11-11 20:56:18,3.26,3.02
2017-11-11 20:56:55,4.24,3.00
2017-11-11 20:57:41,8.02,3.01
2017-11-11 20:58:19,14.51,3.03
2017-11-11 20:58:54,6.26,2.99
2017-11-11 20:59:32,5.21,3.00
2017-11-11 21:00:09,3.38,3.00
2017-11-11 21:00:49,3.53,2.78
2017-11-11 21:01:29,2.46,3.06
2017-11-11 21:02:07,3.60,3.03
2017-11-11 21:02:45,7.28,3.00
2017-11-11 21:03:23,3.87,3.08
2017-11-11 21:04:00,4.81,3.02
2017-11-11 21:04:37,1.37,3.01
2017-11-11 21:05:17,1.53,3.02
2017-11-11 21:05:56,1.49,3.10
2017-11-11 21:06:33,2.06,3.01
2017-11-11 21:07:12,1.72,3.00
2017-11-11 21:07:52,3.75,3.02
2017-11-11 21:08:29,2.66,3.00
2017-11-11 21:09:08,2.58,3.00
2017-11-11 21:09:46,3.39,3.02
2017-11-11 21:10:22,2.12,3.00
2017-11-11 21:10:59,1.90,3.18
2017-11-11 21:11:37,2.10,3.00
2017-11-11 21:12:15,1.54,2.99
2017-11-11 21:12:54,1.81,3.00
2017-11-11 21:13:32,2.59,3.00
2017-11-11 21:14:09,1.99,2.99
2017-11-11 21:14:47,2.84,3.02
2017-11-11 21:15:25,2.48,2.98
2017-11-11 21:16:02,2.77,3.04
2017-11-11 21:16:41,2.06,
2017-11-11 21:17:19,2.57,2.99
2017-11-11 21:17:57,3.01,3.03
2017-11-11 21:18:43,2.59,3.00
2017-11-11 21:19:21,1.95,3.11
2017-11-11 21:20:00,1.98,3.04
2017-11-11 21:20:38,2.31,3.04
2017-11-11 21:21:16,2.22,3.00
2017-11-11 21:21:55,2.11,3.02
2017-11-11 21:22:35,2.32,3.05
2017-11-11 21:23:13,3.05,3.00
2017-11-11 21:23:50,2.56,3.00
2017-11-11 21:24:29,2.18,3.11
2017-11-11 21:25:08,1.85,3.06
2017-11-11 21:25:46,1.82,3.00
2017-11-11 21:26:24,1.91,3.04
2017-11-11 21:27:02,1.94,3.06
2017-11-11 21:27:39,1.96,3.02
2017-11-11 21:28:17,1.94,3.00
2017-11-11 21:28:56,2.09,3.01
2017-11-11 21:29:35,2.72,2.99
2017-11-11 21:30:13,2.51,3.03
2017-11-11 21:30:50,2.35,3.00
2017-11-11 21:31:29,3.05,3.00
2017-11-11 21:32:07,5.57,3.00
2017-11-11 21:32:45,2.89,3.11
2017-11-11 21:33:21,4.08,3.00
2017-11-11 21:34:00,8.38,3.05
2017-11-11 21:34:37,5.58,3.05
2017-11-11 21:35:15,6.24,3.03
2017-11-11 21:35:52,7.71,3.01
2017-11-11 21:36:30,6.91,3.00
2017-11-11 21:37:07,5.06,3.05
2017-11-11 21:37:45,2.90,3.00
2017-11-11 21:38:22,4.73,3.03
2017-11-11 21:38:59,3.43,3.03
2017-11-11 21:39:49,4.50,2.99
2017-11-11 21:40:26,4.52,3.00
2017-11-11 21:41:04,6.17,3.00
2017-11-11 21:41:41,2.98,3.01
2017-11-11 21:42:19,2.98,3.02
2017-11-11 21:42:57,2.47,2.99
2017-11-11 21:43:34,2.79,3.01
2017-11-11 21:44:12,2.96,2.99
2017-11-11 21:44:50,4.21,3.04
2017-11-11 21:45:26,3.69,2.99
2017-11-11 21:46:03,3.81,3.01
2017-11-11 21:46:41,3.48,2.89
2017-11-11 21:47:19,4.74,3.00
2017-11-11 21:47:57,6.07,3.07
2017-11-11 21:48:35,2.69,3.11
2017-11-11 21:49:11,5.14,2.99
2017-11-11 21:49:48,5.60,3.07
2017-11-11 21:50:25,2.84,2.99
2017-11-11 21:51:03,3.80,3.01
2017-11-11 21:51:42,4.00,3.17
2017-11-11 21:52:19,2.77,3.03
2017-11-11 21:52:57,4.05,3.06
2017-11-11 21:53:34,4.91,3.00
2017-11-11 21:54:11,3.13,3.01
2017-11-11 21:54:49,2.34,3.02
2017-11-11 21:55:26,3.05,3.00
2017-11-11 21:56:04,2.72,2.99
2017-11-11 21:56:42,2.76,3.01
2017-11-11 21:57:20,2.22,3.00
2017-11-11 21:57:59,5.42,3.04
2017-11-11 21:58:37,3.14,3.00
2017-11-11 21:59:16,2.58,3.01
2017-11-11 21:59:53,3.25,3.02
2017-11-11 22:00:30,8.66,3.00
2017-11-11 22:01:07,4.35,3.03
2017-11-11 22:01:45,3.98,2.99
2017-11-11 22:02:23,3.58,3.00
2017-11-11 22:03:01,2.65,3.07
2017-11-11 22:03:38,9.99,3.01
2017-11-11 22:04:16,7.89,3.00
2017-11-11 22:04:53,5.74,3.01
2017-11-11 22:05:29,6.10,3.00
2017-11-11 22:06:07,4.64,3.02
2017-11-11 22:06:44,4.97,3.15
2017-11-11 22:07:20,2.58,2.99
2017-11-11 22:07:58,3.02,3.03
2017-11-11 22:08:36,3.27,3.12
2017-11-11 22:09:13,3.46,2.99
2017-11-11 22:09:50,4.10,3.05
2017-11-11 22:10:28,4.62,3.05
2017-11-11 22:11:06,4.01,3.03
2017-11-11 22:11:43,2.80,3.08
2017-11-11 22:12:21,2.96,3.10
2017-11-11 22:12:58,4.83,2.95
2017-11-11 22:13:35,7.28,3.00
2017-11-11 22:14:12,2.60,3.03
2017-11-11 22:14:48,2.86,3.01
2017-11-11 22:15:27,3.96,3.00
2017-11-11 22:16:04,2.30,3.02
2017-11-11 22:16:43,4.92,3.00
2017-11-11 22:17:19,3.90,3.02
2017-11-11 22:17:57,3.76,2.99
2017-11-11 22:18:35,2.70,3.00
2017-11-11 22:19:14,2.50,3.04
2017-11-11 22:19:53,3.58,2.60
2017-11-11 22:20:34,3.54,3.11
2017-11-11 22:21:11,1.94,3.02
2017-11-11 22:21:48,2.29,3.01
2017-11-11 22:22:26,3.75,3.01
2017-11-11 22:23:04,4.05,3.11
2017-11-11 22:23:42,2.18,3.03
2017-11-11 22:24:20,2.52,3.01
2017-11-11 22:24:58,3.77,3.01
2017-11-11 22:25:35,2.50,3.01
2017-11-11 22:26:14,2.67,3.06
2017-11-11 22:26:51,5.29,3.04
2017-11-11 22:27:28,3.33,2.98
2017-11-11 22:28:05,11.70,3.00
2017-11-11 22:28:43,3.64,3.01
2017-11-11 22:29:20,6.98,3.00
2017-11-11 22:29:58,5.28,3.05
2017-11-11 22:30:35,3.99,3.03
2017-11-11 22:31:10,5.16,3.06
2017-11-11 22:31:47,6.91,3.03
2017-11-11 22:32:23,9.04,3.01
2017-11-11 22:33:00,8.41,3.00
2017-11-11 22:33:37,5.72,2.94
2017-11-11 22:34:15,4.69,2.98
2017-11-11 22:34:52,3.91,3.15
2017-11-11 22:35:28,6.15,3.01
2017-11-11 22:36:06,7.29,3.00
2017-11-11 22:36:43,3.30,3.01
2017-11-11 22:37:20,8.07,3.05
2017-11-11 22:37:57,15.11,3.03
2017-11-11 22:38:33,17.48,3.06
2017-11-11 22:39:11,17.67,3.02
2017-11-11 22:39:48,6.17,3.01
2017-11-11 22:40:25,10.98,3.07
2017-11-11 22:41:02,8.62,3.00
2017-11-11 22:41:39,14.66,3.02
2017-11-11 22:42:15,15.86,3.02
2017-11-11 22:42:51,20.25,3.00
2017-11-11 22:43:29,15.57,3.00
2017-11-11 22:44:05,21.44,3.00
2017-11-11 22:44:42,5.79,3.04
2017-11-11 22:45:19,9.99,3.02
2017-11-11 22:45:56,12.54,3.03
2017-11-11 22:46:33,15.83,3.03
2017-11-11 22:47:10,11.48,3.02
2017-11-11 22:47:48,17.21,2.94
2017-11-11 22:48:23,10.85,3.02
2017-11-11 22:49:00,6.69,2.98
2017-11-11 22:49:39,5.21,3.05
2017-11-11 22:50:15,4.43,2.87
2017-11-11 22:50:53,4.73,2.95
2017-11-11 22:51:31,10.61,3.48
2017-11-11 22:52:05,9.96,3.09
2017-11-11 22:52:42,16.66,3.18
2017-11-11 22:53:18,7.21,2.92
2017-11-11 22:53:55,10.18,3.02
2017-11-11 22:54:34,15.23,2.96
2017-11-11 22:55:11,6.51,2.97
2017-11-11 22:55:48,8.36,3.10
2017-11-11 22:56:25,7.70,3.15
2017-11-11 22:57:01,14.17,3.00
2017-11-11 22:57:38,21.15,3.01
2017-11-11 22:58:14,23.06,3.22
2017-11-11 22:58:49,9.37,2.98
2017-11-11 22:59:26,13.79,3.22
2017-11-11 23:00:03,15.03,2.90
2017-11-11 23:00:39,8.66,2.96
2017-11-11 23:01:17,11.18,3.01
2017-11-11 23:02:06,5.08,2.98
2017-11-11 23:02:43,3.60,3.30
2017-11-11 23:03:18,7.40,2.98
2017-11-11 23:03:55,18.65,3.03
2017-11-11 23:04:31,15.03,3.06
2017-11-11 23:05:07,9.98,2.99
2017-11-11 23:05:44,21.43,2.95
2017-11-11 23:06:21,19.65,2.98
2017-11-11 23:06:59,18.26,3.01
2017-11-11 23:07:36,18.29,3.01
2017-11-11 23:08:12,18.82,2.99
2017-11-11 23:08:50,23.85,2.94
2017-11-11 23:09:27,20.87,3.05
2017-11-11 23:10:03,21.16,2.99
2017-11-11 23:10:42,21.56,2.95
2017-11-11 23:11:17,21.28,3.01
2017-11-11 23:11:53,32.19,3.02
2017-11-11 23:12:30,34.34,2.96
2017-11-11 23:13:07,28.11,3.01
2017-11-11 23:13:43,23.36,3.38
2017-11-11 23:14:17,25.14,3.05
2017-11-11 23:14:53,16.92,2.99
2017-11-11 23:15:31,27.37,3.02
2017-11-11 23:16:07,25.48,2.97
2017-11-11 23:16:44,24.39,3.36
2017-11-11 23:17:19,18.21,3.05
2017-11-11 23:17:56,20.47,3.11
2017-11-11 23:18:32,26.55,2.97
2017-11-11 23:19:09,30.06,2.98
2017-11-11 23:19:47,22.62,2.97
2017-11-11 23:20:24,7.48,3.15
2017-11-11 23:20:59,22.60,3.09
2017-11-11 23:21:35,29.73,3.00
2017-11-11 23:22:12,29.69,3.01
2017-11-11 23:22:48,26.14,3.02
2017-11-11 23:23:25,4.22,2.98
2017-11-11 23:24:02,4.04,2.98
2017-11-11 23:24:41,10.23,2.99
2017-11-11 23:25:18,5.14,3.00
2017-11-11 23:25:56,5.29,3.02
2017-11-11 23:26:34,8.04,2.96
2017-11-11 23:27:10,15.09,2.97
2017-11-11 23:27:48,24.53,3.26
2017-11-11 23:28:23,29.46,2.96
2017-11-11 23:28:59,23.68,3.02
2017-11-11 23:29:36,37.97,3.06
2017-11-11 23:30:12,38.89,3.03
2017-11-11 23:30:48,40.69,3.04
2017-11-11 23:31:25,36.85,3.00
2017-11-11 23:32:01,37.54,3.01
2017-11-11 23:32:37,40.81,3.00
2017-11-11 23:33:13,36.91,3.24
2017-11-11 23:33:48,30.09,3.13
2017-11-11 23:34:24,31.83,2.95
2017-11-11 23:35:00,28.07,3.03
2017-11-11 23:35:36,29.98,3.06
2017-11-11 23:36:12,32.09,3.12
2017-11-11 23:36:48,29.56,2.99
2017-11-11 23:37:25,31.70,2.98
2017-11-11 23:38:01,33.94,3.42
2017-11-11 23:38:35,33.46,3.04
2017-11-11 23:39:12,32.35,3.27
2017-11-11 23:39:46,34.16,2.99
2017-11-11 23:40:22,31.89,2.97
2017-11-11 23:40:59,32.72,3.00
2017-11-11 23:41:34,35.09,2.98
2017-11-11 23:42:11,31.82,2.97
2017-11-11 23:42:48,25.39,3.06
2017-11-11 23:43:25,32.62,3.04
2017-11-11 23:44:01,35.32,3.00
2017-11-11 23:44:38,38.84,3.06
2017-11-11 23:45:14,30.76,2.95
2017-11-11 23:45:50,29.66,3.17
2017-11-11 23:46:26,32.79,2.98
2017-11-11 23:47:03,35.45,3.16
2017-11-11 23:47:37,33.19,2.97
2017-11-11 23:48:13,30.39,2.99
2017-11-11 23:48:50,32.10,3.03
2017-11-11 23:49:26,30.20,3.14
2017-11-11 23:50:02,32.61,3.15
2017-11-11 23:50:38,34.85,3.00
2017-11-11 23:51:15,30.48,2.99
2017-11-11 23:51:52,33.53,2.98
2017-11-11 23:52:28,30.43,3.03
2017-11-11 23:53:04,27.51,3.07
2017-11-11 23:53:40,32.44,3.15
2017-11-11 23:54:15,31.69,3.00
2017-11-11 23:54:52,33.52,3.00
2017-11-11 23:55:28,32.18,3.00
2017-11-11 23:56:05,31.76,2.99
2017-11-11 23:56:41,26.46,3.05
2017-11-11 23:57:18,32.41,3.00
2017-11-11 23:57:54,34.01,3.01
2017-11-11 23:58:30,31.64,2.99
2017-11-11 23:59:07,34.14,3.00
2017-11-11 23:59:45,34.50,3.08
2017-11-12 00:00:20,33.78,2.97
2017-11-12 00:01:00,26.45,2.97
2017-11-12 00:01:37,32.95,3.15
2017-11-12 00:02:12,31.10,3.07
2017-11-12 00:02:48,32.73,3.00
2017-11-12 00:03:25,33.32,3.05
2017-11-12 00:04:01,35.10,2.97
2017-11-12 00:04:37,34.60,2.97
2017-11-12 00:05:14,33.79,2.98
2017-11-12 00:05:51,33.71,3.22
2017-11-12 00:06:25,35.88,3.01
2017-11-12 00:07:02,30.33,3.02
2017-11-12 00:07:37,31.01,3.10
2017-11-12 00:08:14,30.81,2.98
2017-11-12 00:08:50,32.52,2.98
2017-11-12 00:09:27,33.35,3.01
2017-11-12 00:10:04,33.31,3.06
2017-11-12 00:10:40,33.58,3.07
2017-11-12 00:11:17,35.77,3.08
2017-11-12 00:11:52,40.13,3.02
2017-11-12 00:12:29,29.80,3.10
2017-11-12 00:13:05,33.19,3.15
2017-11-12 00:13:39,32.10,3.09
2017-11-12 00:14:18,34.98,2.97
2017-11-12 00:14:55,34.66,2.97
2017-11-12 00:15:31,31.31,2.97
2017-11-12 00:16:08,33.54,3.04
2017-11-12 00:16:42,33.03,3.56
2017-11-12 00:17:16,35.62,2.98
2017-11-12 00:17:53,33.38,3.04
2017-11-12 00:18:29,34.73,3.08
2017-11-12 00:19:05,33.63,3.14
2017-11-12 00:19:41,33.89,2.95
2017-11-12 00:20:16,33.39,2.97
2017-11-12 00:20:52,32.38,3.15
2017-11-12 00:21:28,32.05,3.19
2017-11-12 00:22:05,33.88,3.12
2017-11-12 00:22:41,33.90,2.99
2017-11-12 00:23:16,33.69,2.99
2017-11-12 00:23:53,33.87,3.03
2017-11-12 00:24:29,32.30,3.10
2017-11-12 00:25:04,34.96,2.98
2017-11-12 00:25:40,33.60,2.98
2017-11-12 00:26:16,31.35,3.07
2017-11-12 00:26:52,36.05,3.09
2017-11-12 00:27:27,33.15,3.00
2017-11-12 00:28:04,34.35,3.29
2017-11-12 00:28:39,32.85,2.96
2017-11-12 00:29:17,32.84,3.09
2017-11-12 00:29:53,33.60,3.11
2017-11-12 00:30:29,31.93,2.98
2017-11-12 00:31:05,33.36,2.94
2017-11-12 00:31:41,32.33,2.93
2017-11-12 00:32:18,33.60,2.99
2017-11-12 00:32:54,32.83,2.94
2017-11-12 00:33:31,34.19,3.19
2017-11-12 00:34:05,32.11,3.33
2017-11-12 00:34:39,34.31,2.97
2017-11-12 00:35:14,33.84,2.96
2017-11-12 00:35:51,32.91,3.01
2017-11-12 00:36:27,33.35,3.02
2017-11-12 00:37:03,35.10,3.00
2017-11-12 00:37:39,38.16,2.99
2017-11-12 00:38:16,32.88,3.03
2017-11-12 00:38:51,31.11,2.99
2017-11-12 00:39:28,33.48,3.16
2017-11-12 00:40:03,33.17,2.98
2017-11-12 00:40:40,33.58,2.97
2017-11-12 00:41:17,34.11,2.96
2017-11-12 00:41:54,34.01,2.98
2017-11-12 00:42:31,34.48,2.98
2017-11-12 00:43:08,34.05,3.03
2017-11-12 00:43:45,33.52,3.44
2017-11-12 00:44:18,33.77,2.98
2017-11-12 00:44:54,32.64,2.98
2017-11-12 00:45:30,33.71,3.43
2017-11-12 00:46:04,34.18,3.14
2017-11-12 00:46:40,33.63,3.06
2017-11-12 00:47:15,33.10,3.20
2017-11-12 00:47:50,33.48,2.98
2017-11-12 00:48:27,34.75,2.96
2017-11-12 00:49:04,32.57,3.04
2017-11-12 00:49:41,33.61,2.98
2017-11-12 00:50:17,33.55,2.97
2017-11-12 00:50:55,33.79,2.95
2017-11-12 00:51:31,33.99,3.00
2017-11-12 00:52:07,33.26,3.25
2017-11-12 00:52:43,32.07,3.13
2017-11-12 00:53:19,34.01,3.12
2017-11-12 00:53:55,34.03,2.99
2017-11-12 00:54:30,33.71,3.15
2017-11-12 00:55:06,35.47,2.99
2017-11-12 00:55:43,40.49,3.14
2017-11-12 00:56:18,40.07,3.00
2017-11-12 00:56:54,31.90,3.03
2017-11-12 00:57:31,31.23,2.97
2017-11-12 00:58:07,34.01,3.01
2017-11-12 00:58:44,33.96,2.97
2017-11-12 00:59:21,33.19,3.44
2017-11-12 00:59:55,32.90,3.01
2017-11-12 01:00:31,33.03,3.00
2017-11-12 01:01:07,36.31,3.12
2017-11-12 01:01:43,35.33,3.02
2017-11-12 01:02:18,34.44,3.04
2017-11-12 01:02:53,35.08,3.03
2017-11-12 01:03:30,33.45,3.08
2017-11-12 01:04:06,33.85,3.08
2017-11-12 01:04:41,34.61,3.02
2017-11-12 01:05:17,33.86,3.02
2017-11-12 01:05:52,33.26,2.98
2017-11-12 01:06:29,33.80,3.55
2017-11-12 01:07:02,34.65,2.98
2017-11-12 01:07:39,33.33,2.99
2017-11-12 01:08:16,34.37,3.03
2017-11-12 01:08:52,34.06,2.96
2017-11-12 01:09:28,35.51,2.96
2017-11-12 01:10:05,34.93,2.98
2017-11-12 01:10:41,34.94,3.02
2017-11-12 01:11:18,34.02,2.99
2017-11-12 01:11:54,33.31,2.98
2017-11-12 01:12:31,34.11,3.19
2017-11-12 01:13:06,35.26,3.04
2017-11-12 01:13:43,33.69,3.04
2017-11-12 01:14:18,33.80,2.96
